timestamp,temperature_2m,cloud_cover,direct_radiation,diffuse_radiation,sunshine_duration,wind_speed_10m,precipitation,relative_humidity_2m
2024-12-01 00:00:00+00:00,0.4,99,0.0,0.0,0.0,8.6,0.0,92
2024-12-01 01:00:00+00:00,-0.3,77,0.0,0.0,0.0,8.8,0.0,92
2024-12-01 02:00:00+00:00,-0.4,16,0.0,0.0,0.0,8.9,0.0,93
2024-12-01 03:00:00+00:00,-0.6,25,0.0,0.0,0.0,9.4,0.0,94
2024-12-01 04:00:00+00:00,-0.8,74,0.0,0.0,0.0,8.9,0.0,95
2024-12-01 05:00:00+00:00,-1.0,15,0.0,0.0,0.0,7.3,0.0,96
2024-12-01 06:00:00+00:00,-1.2,21,0.0,0.0,0.0,7.7,0.0,97
2024-12-01 07:00:00+00:00,-1.0,80,0.0,1.0,0.0,9.0,0.0,97
2024-12-01 08:00:00+00:00,-0.1,78,20.0,29.0,2172.97,9.3,0.0,97
2024-12-01 09:00:00+00:00,1.1,70,59.0,64.0,3600.0,8.8,0.0,93
2024-12-01 10:00:00+00:00,2.2,21,148.0,57.0,3600.0,7.6,0.0,91
2024-12-01 11:00:00+00:00,3.1,4,178.0,59.0,3600.0,7.0,0.0,88
2024-12-01 12:00:00+00:00,3.7,0,173.0,54.0,3600.0,7.6,0.0,86
2024-12-01 13:00:00+00:00,2.6,25,76.0,72.0,3600.0,7.3,0.0,88
2024-12-01 14:00:00+00:00,2.0,1,51.0,36.0,3556.29,6.7,0.0,91
2024-12-01 15:00:00+00:00,1.1,0,5.0,7.0,3.62,8.4,0.0,93
2024-12-01 16:00:00+00:00,0.8,0,0.0,0.0,0.0,9.4,0.0,94
2024-12-01 17:00:00+00:00,0.4,0,0.0,0.0,0.0,10.1,0.0,94
2024-12-01 18:00:00+00:00,0.2,0,0.0,0.0,0.0,10.4,0.0,94
2024-12-01 19:00:00+00:00,0.1,0,0.0,0.0,0.0,10.1,0.0,94
2024-12-01 20:00:00+00:00,-0.1,0,0.0,0.0,0.0,9.4,0.0,93
2024-12-01 21:00:00+00:00,-0.3,0,0.0,0.0,0.0,8.6,0.0,93
2024-12-01 22:00:00+00:00,-0.7,0,0.0,0.0,0.0,8.0,0.0,94
2024-12-01 23:00:00+00:00,-1.0,0,0.0,0.0,0.0,8.1,0.0,95
2024-12-02 00:00:00+00:00,-1.2,0,0.0,0.0,0.0,8.0,0.0,96
2024-12-02 01:00:00+00:00,-1.6,0,0.0,0.0,0.0,8.5,0.0,96
2024-12-02 02:00:00+00:00,-1.8,0,0.0,0.0,0.0,8.7,0.0,96
2024-12-02 03:00:00+00:00,-1.6,0,0.0,0.0,0.0,9.9,0.0,96
2024-12-02 04:00:00+00:00,-1.5,0,0.0,0.0,0.0,10.1,0.0,97
2024-12-02 05:00:00+00:00,-1.4,0,0.0,0.0,0.0,11.3,0.0,96
2024-12-02 06:00:00+00:00,-1.2,0,0.0,0.0,0.0,13.2,0.0,94
2024-12-02 07:00:00+00:00,-1.5,0,0.0,1.0,0.0,12.7,0.0,93
2024-12-02 08:00:00+00:00,-0.6,0,31.0,23.0,2077.58,13.2,0.0,92
2024-12-02 09:00:00+00:00,0.9,0,98.0,43.0,3600.0,12.4,0.0,85
2024-12-02 10:00:00+00:00,2.5,0,154.0,52.0,3600.0,11.1,0.0,76
2024-12-02 11:00:00+00:00,3.6,3,178.0,54.0,3600.0,8.5,0.0,75
2024-12-02 12:00:00+00:00,4.3,67,161.0,55.0,3600.0,8.1,0.0,73
2024-12-02 13:00:00+00:00,3.9,100,60.0,61.0,3600.0,10.1,0.0,80
2024-12-02 14:00:00+00:00,3.8,100,7.0,35.0,0.0,10.3,0.0,82
2024-12-02 15:00:00+00:00,3.6,100,0.0,3.0,0.0,10.0,0.0,83
2024-12-02 16:00:00+00:00,3.6,100,0.0,0.0,0.0,11.1,0.0,83
2024-12-02 17:00:00+00:00,3.7,100,0.0,0.0,0.0,11.9,0.0,82
2024-12-02 18:00:00+00:00,3.6,100,0.0,0.0,0.0,12.1,0.0,81
2024-12-02 19:00:00+00:00,3.2,100,0.0,0.0,0.0,11.5,0.0,85
2024-12-02 20:00:00+00:00,3.0,100,0.0,0.0,0.0,11.0,0.0,88
2024-12-02 21:00:00+00:00,2.7,100,0.0,0.0,0.0,10.8,0.0,90
2024-12-02 22:00:00+00:00,2.8,100,0.0,0.0,0.0,10.4,0.0,87
2024-12-02 23:00:00+00:00,2.9,100,0.0,0.0,0.0,9.9,0.0,85
2024-12-03 00:00:00+00:00,2.7,100,0.0,0.0,0.0,9.5,0.0,85
2024-12-03 01:00:00+00:00,4.3,100,0.0,0.0,0.0,9.8,0.0,83
2024-12-03 02:00:00+00:00,4.6,100,0.0,0.0,0.0,9.6,0.0,82
2024-12-03 03:00:00+00:00,4.8,100,0.0,0.0,0.0,9.9,0.0,81
2024-12-03 04:00:00+00:00,4.7,100,0.0,0.0,0.0,9.9,0.4,83
2024-12-03 05:00:00+00:00,4.1,100,0.0,0.0,0.0,12.0,0.5,92
2024-12-03 06:00:00+00:00,3.9,100,0.0,0.0,0.0,9.8,0.4,96
2024-12-03 07:00:00+00:00,3.8,100,0.0,0.0,0.0,10.8,0.2,97
2024-12-03 08:00:00+00:00,4.1,100,0.0,6.0,0.0,9.2,0.4,97
2024-12-03 09:00:00+00:00,4.3,100,0.0,22.0,0.0,9.6,0.2,98
2024-12-03 10:00:00+00:00,4.7,100,0.0,37.0,0.0,9.3,0.3,98
2024-12-03 11:00:00+00:00,4.9,100,0.0,38.0,0.0,8.8,0.4,99
2024-12-03 12:00:00+00:00,5.1,100,0.0,30.0,0.0,8.2,0.6,99
2024-12-03 13:00:00+00:00,5.6,100,0.0,32.0,0.0,8.2,0.1,98
2024-12-03 14:00:00+00:00,5.5,100,0.0,19.0,0.0,7.8,0.1,99
2024-12-03 15:00:00+00:00,5.4,100,0.0,3.0,0.0,7.6,0.1,99
2024-12-03 16:00:00+00:00,5.3,100,0.0,0.0,0.0,8.2,0.1,99
2024-12-03 17:00:00+00:00,5.4,100,0.0,0.0,0.0,8.5,0.2,99
2024-12-03 18:00:00+00:00,5.2,100,0.0,0.0,0.0,5.0,0.2,99
2024-12-03 19:00:00+00:00,5.2,100,0.0,0.0,0.0,7.3,0.0,99
2024-12-03 20:00:00+00:00,4.8,100,0.0,0.0,0.0,8.2,0.0,97
2024-12-03 21:00:00+00:00,4.8,100,0.0,0.0,0.0,7.4,0.0,96
2024-12-03 22:00:00+00:00,4.4,100,0.0,0.0,0.0,7.5,0.0,98
2024-12-03 23:00:00+00:00,4.1,100,0.0,0.0,0.0,7.5,0.0,98
2024-12-04 00:00:00+00:00,3.8,84,0.0,0.0,0.0,7.7,0.0,98
2024-12-04 01:00:00+00:00,4.1,98,0.0,0.0,0.0,7.8,0.0,98
2024-12-04 02:00:00+00:00,4.0,39,0.0,0.0,0.0,7.3,0.0,98
2024-12-04 03:00:00+00:00,3.3,98,0.0,0.0,0.0,8.0,0.0,98
2024-12-04 04:00:00+00:00,4.0,100,0.0,0.0,0.0,8.2,0.0,98
2024-12-04 05:00:00+00:00,4.2,100,0.0,0.0,0.0,8.3,0.0,99
2024-12-04 06:00:00+00:00,4.2,100,0.0,0.0,0.0,9.1,0.0,98
2024-12-04 07:00:00+00:00,4.2,100,0.0,0.0,0.0,10.7,0.0,98
2024-12-04 08:00:00+00:00,4.3,100,0.0,9.0,0.0,12.0,0.0,97
2024-12-04 09:00:00+00:00,4.5,98,2.0,47.0,0.0,10.6,0.0,93
2024-12-04 10:00:00+00:00,4.7,83,9.0,75.0,0.0,10.0,0.0,91
2024-12-04 11:00:00+00:00,5.1,100,26.0,97.0,1188.49,11.0,0.0,83
2024-12-04 12:00:00+00:00,5.3,100,25.0,90.0,1200.46,10.6,0.0,79
2024-12-04 13:00:00+00:00,5.3,100,6.0,58.0,0.0,8.9,0.0,76
2024-12-04 14:00:00+00:00,5.1,100,3.0,29.0,0.0,7.3,0.0,78
2024-12-04 15:00:00+00:00,4.7,99,0.0,4.0,0.0,7.1,0.0,81
2024-12-04 16:00:00+00:00,4.0,100,0.0,0.0,0.0,8.5,0.0,85
2024-12-04 17:00:00+00:00,3.5,100,0.0,0.0,0.0,9.4,0.0,90
2024-12-04 18:00:00+00:00,3.2,86,0.0,0.0,0.0,8.9,0.0,92
2024-12-04 19:00:00+00:00,2.8,40,0.0,0.0,0.0,8.5,0.0,93
2024-12-04 20:00:00+00:00,2.4,38,0.0,0.0,0.0,8.7,0.0,94
2024-12-04 21:00:00+00:00,1.9,28,0.0,0.0,0.0,8.7,0.0,95
2024-12-04 22:00:00+00:00,1.2,63,0.0,0.0,0.0,8.5,0.0,97
2024-12-04 23:00:00+00:00,0.6,100,0.0,0.0,0.0,8.4,0.0,98
2024-12-05 00:00:00+00:00,0.3,100,0.0,0.0,0.0,7.7,0.0,99
2024-12-05 01:00:00+00:00,0.6,45,0.0,0.0,0.0,7.0,0.0,98
2024-12-05 02:00:00+00:00,0.8,100,0.0,0.0,0.0,5.7,0.0,98
2024-12-05 03:00:00+00:00,1.5,100,0.0,0.0,0.0,6.2,0.0,97
2024-12-05 04:00:00+00:00,1.8,100,0.0,0.0,0.0,6.1,0.0,98
2024-12-05 05:00:00+00:00,2.0,100,0.0,0.0,0.0,6.6,0.1,97
2024-12-05 06:00:00+00:00,2.3,100,0.0,0.0,0.0,9.2,0.4,99
2024-12-05 07:00:00+00:00,2.3,100,0.0,0.0,0.0,8.5,0.6,99
2024-12-05 08:00:00+00:00,2.7,100,0.0,6.0,0.0,7.7,0.2,99
2024-12-05 09:00:00+00:00,3.2,100,0.0,14.0,0.0,8.2,0.1,99
2024-12-05 10:00:00+00:00,3.5,97,0.0,36.0,0.0,9.0,0.1,94
2024-12-05 11:00:00+00:00,3.8,100,1.0,69.0,0.0,11.1,0.1,90
2024-12-05 12:00:00+00:00,3.5,100,0.0,53.0,0.0,11.9,0.1,93
2024-12-05 13:00:00+00:00,3.0,100,2.0,41.0,0.0,5.7,2.3,91
2024-12-05 14:00:00+00:00,3.2,98,4.0,35.0,0.0,5.0,0.4,97
2024-12-05 15:00:00+00:00,2.7,100,1.0,5.0,0.0,9.6,0.0,98
2024-12-05 16:00:00+00:00,2.4,94,0.0,0.0,0.0,9.9,0.0,98
2024-12-05 17:00:00+00:00,1.8,40,0.0,0.0,0.0,10.0,0.0,99
2024-12-05 18:00:00+00:00,1.4,57,0.0,0.0,0.0,12.1,0.0,99
2024-12-05 19:00:00+00:00,1.2,4,0.0,0.0,0.0,14.3,0.0,97
2024-12-05 20:00:00+00:00,0.6,73,0.0,0.0,0.0,13.8,0.0,95
2024-12-05 21:00:00+00:00,0.1,4,0.0,0.0,0.0,13.7,0.0,95
2024-12-05 22:00:00+00:00,-0.2,0,0.0,0.0,0.0,14.5,0.0,94
2024-12-05 23:00:00+00:00,-0.4,6,0.0,0.0,0.0,16.1,0.0,93
2024-12-06 00:00:00+00:00,-0.5,97,0.0,0.0,0.0,17.4,0.0,92
2024-12-06 01:00:00+00:00,0.7,84,0.0,0.0,0.0,18.7,0.0,89
2024-12-06 02:00:00+00:00,0.9,96,0.0,0.0,0.0,18.7,0.0,86
2024-12-06 03:00:00+00:00,1.0,95,0.0,0.0,0.0,18.5,0.0,83
2024-12-06 04:00:00+00:00,0.8,100,0.0,0.0,0.0,19.0,0.0,82
2024-12-06 05:00:00+00:00,0.9,100,0.0,0.0,0.0,19.2,0.0,81
2024-12-06 06:00:00+00:00,0.9,100,0.0,0.0,0.0,19.0,0.0,80
2024-12-06 07:00:00+00:00,1.1,100,0.0,0.0,0.0,19.2,0.0,79
2024-12-06 08:00:00+00:00,1.6,100,0.0,12.0,0.0,19.1,0.0,75
2024-12-06 09:00:00+00:00,2.3,100,1.0,51.0,0.0,16.8,0.0,71
2024-12-06 10:00:00+00:00,2.2,100,0.0,48.0,0.0,16.8,0.4,79
2024-12-06 11:00:00+00:00,1.9,100,0.0,37.0,0.0,16.4,0.5,88
2024-12-06 12:00:00+00:00,1.8,100,0.0,34.0,0.0,15.8,0.4,93
2024-12-06 13:00:00+00:00,1.4,100,0.0,38.0,0.0,14.7,0.3,97
2024-12-06 14:00:00+00:00,1.4,100,0.0,12.0,0.0,12.4,0.3,99
2024-12-06 15:00:00+00:00,1.1,100,0.0,3.0,0.0,12.6,0.4,99
2024-12-06 16:00:00+00:00,1.4,100,0.0,0.0,0.0,10.6,0.0,99
2024-12-06 17:00:00+00:00,1.5,100,0.0,0.0,0.0,10.9,0.0,98
2024-12-06 18:00:00+00:00,1.6,100,0.0,0.0,0.0,10.4,0.0,98
2024-12-06 19:00:00+00:00,1.8,100,0.0,0.0,0.0,8.8,0.0,98
2024-12-06 20:00:00+00:00,1.9,100,0.0,0.0,0.0,9.6,0.0,98
2024-12-06 21:00:00+00:00,2.0,100,0.0,0.0,0.0,9.2,0.0,98
2024-12-06 22:00:00+00:00,2.1,100,0.0,0.0,0.0,7.1,0.0,98
2024-12-06 23:00:00+00:00,2.2,100,0.0,0.0,0.0,5.6,0.0,98
2024-12-07 00:00:00+00:00,2.1,100,0.0,0.0,0.0,4.3,0.0,99
2024-12-07 01:00:00+00:00,2.6,100,0.0,0.0,0.0,5.0,0.0,99
2024-12-07 02:00:00+00:00,2.7,100,0.0,0.0,0.0,5.6,0.0,99
2024-12-07 03:00:00+00:00,2.9,100,0.0,0.0,0.0,6.5,0.0,100
2024-12-07 04:00:00+00:00,2.9,100,0.0,0.0,0.0,7.6,0.0,99
2024-12-07 05:00:00+00:00,2.8,100,0.0,0.0,0.0,8.0,0.0,99
2024-12-07 06:00:00+00:00,2.7,100,0.0,0.0,0.0,8.6,0.0,99
2024-12-07 07:00:00+00:00,2.8,100,0.0,0.0,0.0,8.4,0.0,99
2024-12-07 08:00:00+00:00,3.4,100,0.0,11.0,0.0,8.9,0.0,99
2024-12-07 09:00:00+00:00,3.8,100,0.0,31.0,0.0,9.4,0.0,99
2024-12-07 10:00:00+00:00,4.2,100,0.0,32.0,0.0,9.0,0.0,99
2024-12-07 11:00:00+00:00,4.8,100,0.0,47.0,0.0,10.4,0.0,97
2024-12-07 12:00:00+00:00,4.9,100,0.0,28.0,0.0,9.0,0.0,98
2024-12-07 13:00:00+00:00,4.9,100,0.0,20.0,0.0,10.2,0.0,99
2024-12-07 14:00:00+00:00,5.1,100,0.0,18.0,0.0,12.0,0.0,99
2024-12-07 15:00:00+00:00,5.1,100,0.0,2.0,0.0,13.1,0.0,98
2024-12-07 16:00:00+00:00,5.0,100,0.0,0.0,0.0,14.1,0.0,97
2024-12-07 17:00:00+00:00,4.6,100,0.0,0.0,0.0,14.5,0.0,97
2024-12-07 18:00:00+00:00,4.3,100,0.0,0.0,0.0,14.2,0.0,95
2024-12-07 19:00:00+00:00,4.1,100,0.0,0.0,0.0,14.5,0.0,95
2024-12-07 20:00:00+00:00,3.5,100,0.0,0.0,0.0,13.6,0.0,96
2024-12-07 21:00:00+00:00,3.0,100,0.0,0.0,0.0,13.9,0.0,95
2024-12-07 22:00:00+00:00,2.5,100,0.0,0.0,0.0,14.0,0.0,96
2024-12-07 23:00:00+00:00,1.9,100,0.0,0.0,0.0,13.1,0.0,97
2024-12-08 00:00:00+00:00,1.4,62,0.0,0.0,0.0,13.0,0.0,98
2024-12-08 01:00:00+00:00,1.6,85,0.0,0.0,0.0,12.8,0.0,98
2024-12-08 02:00:00+00:00,1.5,100,0.0,0.0,0.0,13.3,0.0,98
2024-12-08 03:00:00+00:00,2.2,100,0.0,0.0,0.0,12.9,0.0,97
2024-12-08 04:00:00+00:00,2.1,100,0.0,0.0,0.0,11.3,0.0,98
2024-12-08 05:00:00+00:00,1.5,75,0.0,0.0,0.0,11.1,0.0,98
2024-12-08 06:00:00+00:00,0.9,42,0.0,0.0,0.0,11.3,0.0,98
2024-12-08 07:00:00+00:00,0.9,47,0.0,0.0,0.0,11.4,0.0,98
2024-12-08 08:00:00+00:00,1.6,90,13.0,20.0,988.09,11.5,0.0,98
2024-12-08 09:00:00+00:00,2.7,99,24.0,56.0,2693.06,12.4,0.0,94
2024-12-08 10:00:00+00:00,3.2,100,19.0,76.0,736.7,11.9,0.0,91
2024-12-08 11:00:00+00:00,3.8,100,9.0,97.0,0.0,11.3,0.0,87
2024-12-08 12:00:00+00:00,4.1,100,0.0,84.0,0.0,9.8,0.0,84
2024-12-08 13:00:00+00:00,3.8,100,2.0,57.0,0.0,11.6,0.0,85
2024-12-08 14:00:00+00:00,3.5,100,0.0,23.0,0.0,10.9,0.0,86
2024-12-08 15:00:00+00:00,3.0,100,0.0,3.0,0.0,10.7,0.0,87
2024-12-08 16:00:00+00:00,2.5,100,0.0,0.0,0.0,10.5,0.0,88
2024-12-08 17:00:00+00:00,2.5,100,0.0,0.0,0.0,8.6,0.0,87
2024-12-08 18:00:00+00:00,2.5,100,0.0,0.0,0.0,7.3,0.0,88
2024-12-08 19:00:00+00:00,2.5,100,0.0,0.0,0.0,7.6,0.0,88
2024-12-08 20:00:00+00:00,2.3,100,0.0,0.0,0.0,9.4,0.0,90
2024-12-08 21:00:00+00:00,2.2,100,0.0,0.0,0.0,9.0,0.0,92
2024-12-08 22:00:00+00:00,2.0,100,0.0,0.0,0.0,8.0,0.0,95
2024-12-08 23:00:00+00:00,2.0,100,0.0,0.0,0.0,7.7,0.0,95
2024-12-09 00:00:00+00:00,2.0,100,0.0,0.0,0.0,7.4,0.0,95
2024-12-09 01:00:00+00:00,1.9,100,0.0,0.0,0.0,8.6,0.0,95
2024-12-09 02:00:00+00:00,1.8,100,0.0,0.0,0.0,9.0,0.0,96
2024-12-09 03:00:00+00:00,1.9,100,0.0,0.0,0.0,8.7,0.0,96
2024-12-09 04:00:00+00:00,2.0,100,0.0,0.0,0.0,8.3,0.0,95
2024-12-09 05:00:00+00:00,2.3,100,0.0,0.0,0.0,8.5,0.0,95
2024-12-09 06:00:00+00:00,2.6,100,0.0,0.0,0.0,9.4,0.0,95
2024-12-09 07:00:00+00:00,3.3,100,0.0,0.0,0.0,11.9,0.0,95
2024-12-09 08:00:00+00:00,3.8,100,0.0,5.0,0.0,13.4,0.0,94
2024-12-09 09:00:00+00:00,3.9,100,0.0,12.0,0.0,14.8,0.0,93
2024-12-09 10:00:00+00:00,4.1,100,0.0,30.0,0.0,15.5,0.0,91
2024-12-09 11:00:00+00:00,4.2,100,0.0,34.0,0.0,15.8,0.1,91
2024-12-09 12:00:00+00:00,4.2,100,0.0,34.0,0.0,15.6,0.0,89
2024-12-09 13:00:00+00:00,3.8,100,0.0,19.0,0.0,15.0,0.1,94
2024-12-09 14:00:00+00:00,3.5,100,0.0,12.0,0.0,16.0,0.0,93
2024-12-09 15:00:00+00:00,3.0,100,0.0,2.0,0.0,16.6,0.1,93
2024-12-09 16:00:00+00:00,2.8,100,0.0,0.0,0.0,17.4,0.1,93
2024-12-09 17:00:00+00:00,2.5,100,0.0,0.0,0.0,17.0,0.0,93
2024-12-09 18:00:00+00:00,2.5,100,0.0,0.0,0.0,16.8,0.0,91
2024-12-09 19:00:00+00:00,2.4,100,0.0,0.0,0.0,15.7,0.0,90
2024-12-09 20:00:00+00:00,2.3,100,0.0,0.0,0.0,14.9,0.0,89
2024-12-09 21:00:00+00:00,2.3,100,0.0,0.0,0.0,14.1,0.0,88
2024-12-09 22:00:00+00:00,2.2,100,0.0,0.0,0.0,13.8,0.0,87
2024-12-09 23:00:00+00:00,2.2,100,0.0,0.0,0.0,13.4,0.0,87
2024-12-10 00:00:00+00:00,2.1,100,0.0,0.0,0.0,14.1,0.0,86
2024-12-10 01:00:00+00:00,1.9,100,0.0,0.0,0.0,14.3,0.0,88
2024-12-10 02:00:00+00:00,1.6,100,0.0,0.0,0.0,14.4,0.0,88
2024-12-10 03:00:00+00:00,1.5,100,0.0,0.0,0.0,12.2,0.0,87
2024-12-10 04:00:00+00:00,1.5,100,0.0,0.0,0.0,12.0,0.0,88
2024-12-10 05:00:00+00:00,1.6,100,0.0,0.0,0.0,11.7,0.0,88
2024-12-10 06:00:00+00:00,1.7,100,0.0,0.0,0.0,11.5,0.0,88
2024-12-10 07:00:00+00:00,1.7,100,0.0,0.0,0.0,11.2,0.0,88
2024-12-10 08:00:00+00:00,1.8,100,0.0,11.0,0.0,10.7,0.0,87
2024-12-10 09:00:00+00:00,2.2,100,1.0,40.0,0.0,13.7,0.0,82
2024-12-10 10:00:00+00:00,2.3,100,7.0,55.0,0.0,14.0,0.0,82
2024-12-10 11:00:00+00:00,2.2,100,0.0,63.0,0.0,12.2,0.0,83
2024-12-10 12:00:00+00:00,2.2,100,5.0,66.0,0.0,11.7,0.0,83
2024-12-10 13:00:00+00:00,1.9,100,1.0,43.0,0.0,9.5,0.0,87
2024-12-10 14:00:00+00:00,1.6,100,0.0,15.0,0.0,7.2,0.0,88
2024-12-10 15:00:00+00:00,1.5,100,0.0,2.0,0.0,7.7,0.0,90
2024-12-10 16:00:00+00:00,1.5,100,0.0,0.0,0.0,7.9,0.0,90
2024-12-10 17:00:00+00:00,1.4,100,0.0,0.0,0.0,7.8,0.0,91
2024-12-10 18:00:00+00:00,1.4,100,0.0,0.0,0.0,7.9,0.0,92
2024-12-10 19:00:00+00:00,1.4,100,0.0,0.0,0.0,7.7,0.0,92
2024-12-10 20:00:00+00:00,1.4,100,0.0,0.0,0.0,6.9,0.0,92
2024-12-10 21:00:00+00:00,1.4,100,0.0,0.0,0.0,6.5,0.0,92
2024-12-10 22:00:00+00:00,1.3,100,0.0,0.0,0.0,6.3,0.0,93
2024-12-10 23:00:00+00:00,1.2,100,0.0,0.0,0.0,4.9,0.0,93
2024-12-11 00:00:00+00:00,1.2,100,0.0,0.0,0.0,6.3,0.0,94
2024-12-11 01:00:00+00:00,1.2,100,0.0,0.0,0.0,6.5,0.0,94
2024-12-11 02:00:00+00:00,1.3,100,0.0,0.0,0.0,7.1,0.0,94
2024-12-11 03:00:00+00:00,1.3,100,0.0,0.0,0.0,6.9,0.0,94
2024-12-11 04:00:00+00:00,1.3,100,0.0,0.0,0.0,7.0,0.0,94
2024-12-11 05:00:00+00:00,1.2,100,0.0,0.0,0.0,6.8,0.0,92
2024-12-11 06:00:00+00:00,1.0,100,0.0,0.0,0.0,6.8,0.0,91
2024-12-11 07:00:00+00:00,0.8,100,0.0,0.0,0.0,7.4,0.0,92
2024-12-11 08:00:00+00:00,0.9,100,0.0,12.0,0.0,7.6,0.0,88
2024-12-11 09:00:00+00:00,1.1,100,0.0,34.0,0.0,5.6,0.0,87
2024-12-11 10:00:00+00:00,1.4,100,0.0,46.0,0.0,6.4,0.0,86
2024-12-11 11:00:00+00:00,1.9,100,4.0,95.0,0.0,8.4,0.0,84
2024-12-11 12:00:00+00:00,2.2,100,13.0,103.0,0.0,10.0,0.0,81
2024-12-11 13:00:00+00:00,2.3,100,6.0,61.0,0.0,10.0,0.0,85
2024-12-11 14:00:00+00:00,2.1,100,6.0,37.0,0.0,8.6,0.0,84
2024-12-11 15:00:00+00:00,1.9,100,0.0,4.0,0.0,7.9,0.0,84
2024-12-11 16:00:00+00:00,2.0,100,0.0,0.0,0.0,9.2,0.0,85
2024-12-11 17:00:00+00:00,2.0,100,0.0,0.0,0.0,8.4,0.0,86
2024-12-11 18:00:00+00:00,2.0,100,0.0,0.0,0.0,9.6,0.0,86
2024-12-11 19:00:00+00:00,2.0,100,0.0,0.0,0.0,10.3,0.0,86
2024-12-11 20:00:00+00:00,1.5,100,0.0,0.0,0.0,9.9,0.0,85
2024-12-11 21:00:00+00:00,1.4,100,0.0,0.0,0.0,7.6,0.0,86
2024-12-11 22:00:00+00:00,1.3,100,0.0,0.0,0.0,8.2,0.0,88
2024-12-11 23:00:00+00:00,1.2,100,0.0,0.0,0.0,10.2,0.0,87
2024-12-12 00:00:00+00:00,1.2,100,0.0,0.0,0.0,10.3,0.0,87
2024-12-12 01:00:00+00:00,0.9,100,0.0,0.0,0.0,9.0,0.0,90
2024-12-12 02:00:00+00:00,0.9,100,0.0,0.0,0.0,8.4,0.0,91
2024-12-12 03:00:00+00:00,1.0,100,0.0,0.0,0.0,9.0,0.0,91
2024-12-12 04:00:00+00:00,1.1,100,0.0,0.0,0.0,8.6,0.0,91
2024-12-12 05:00:00+00:00,1.2,100,0.0,0.0,0.0,7.7,0.0,91
2024-12-12 06:00:00+00:00,1.2,100,0.0,0.0,0.0,7.1,0.0,92
2024-12-12 07:00:00+00:00,1.0,100,0.0,0.0,0.0,6.3,0.0,93
2024-12-12 08:00:00+00:00,1.5,100,0.0,12.0,0.0,6.7,0.0,91
2024-12-12 09:00:00+00:00,1.9,100,0.0,32.0,0.0,5.8,0.0,90
2024-12-12 10:00:00+00:00,2.2,100,0.0,47.0,0.0,6.1,0.0,90
2024-12-12 11:00:00+00:00,2.5,100,3.0,54.0,0.0,6.7,0.0,89
2024-12-12 12:00:00+00:00,2.6,100,0.0,42.0,0.0,6.7,0.0,90
2024-12-12 13:00:00+00:00,2.2,100,0.0,26.0,0.0,7.5,0.1,94
2024-12-12 14:00:00+00:00,2.2,100,0.0,18.0,0.0,6.2,0.0,95
2024-12-12 15:00:00+00:00,2.0,100,0.0,3.0,0.0,7.0,0.0,97
2024-12-12 16:00:00+00:00,2.0,100,0.0,0.0,0.0,7.4,0.0,96
2024-12-12 17:00:00+00:00,2.0,100,0.0,0.0,0.0,7.4,0.0,96
2024-12-12 18:00:00+00:00,2.0,100,0.0,0.0,0.0,7.1,0.0,97
2024-12-12 19:00:00+00:00,2.1,99,0.0,0.0,0.0,7.8,0.0,96
2024-12-12 20:00:00+00:00,1.9,100,0.0,0.0,0.0,7.4,0.0,98
2024-12-12 21:00:00+00:00,1.8,100,0.0,0.0,0.0,7.1,0.0,98
2024-12-12 22:00:00+00:00,1.9,100,0.0,0.0,0.0,6.5,0.0,98
2024-12-12 23:00:00+00:00,2.0,100,0.0,0.0,0.0,5.2,0.0,98
2024-12-13 00:00:00+00:00,1.8,100,0.0,0.0,0.0,5.6,0.0,98
2024-12-13 01:00:00+00:00,2.0,100,0.0,0.0,0.0,5.9,0.0,96
2024-12-13 02:00:00+00:00,1.5,100,0.0,0.0,0.0,5.0,0.0,96
2024-12-13 03:00:00+00:00,1.2,100,0.0,0.0,0.0,4.3,0.0,96
2024-12-13 04:00:00+00:00,0.9,81,0.0,0.0,0.0,4.3,0.0,96
2024-12-13 05:00:00+00:00,-0.2,7,0.0,0.0,0.0,2.1,0.0,96
2024-12-13 06:00:00+00:00,-0.8,11,0.0,0.0,0.0,1.5,0.0,96
2024-12-13 07:00:00+00:00,-1.5,4,0.0,0.0,0.0,2.7,0.0,98
2024-12-13 08:00:00+00:00,-0.6,1,15.0,16.0,1062.79,5.1,0.0,97
2024-12-13 09:00:00+00:00,0.6,2,67.0,42.0,3600.0,5.1,0.0,94
2024-12-13 10:00:00+00:00,1.6,7,125.0,53.0,3600.0,3.7,0.0,86
2024-12-13 11:00:00+00:00,2.3,10,148.0,61.0,3600.0,5.7,0.0,79
2024-12-13 12:00:00+00:00,2.5,7,154.0,52.0,3600.0,7.1,0.0,75
2024-12-13 13:00:00+00:00,2.7,87,40.0,59.0,3600.0,10.1,0.0,72
2024-12-13 14:00:00+00:00,2.2,95,11.0,30.0,919.63,7.8,0.0,79
2024-12-13 15:00:00+00:00,1.8,75,1.0,4.0,0.0,8.4,0.0,83
2024-12-13 16:00:00+00:00,1.2,100,0.0,0.0,0.0,10.3,0.0,86
2024-12-13 17:00:00+00:00,1.0,73,0.0,0.0,0.0,9.6,0.0,87
2024-12-13 18:00:00+00:00,0.6,41,0.0,0.0,0.0,9.9,0.0,89
2024-12-13 19:00:00+00:00,0.1,27,0.0,0.0,0.0,9.9,0.0,91
2024-12-13 20:00:00+00:00,-0.3,10,0.0,0.0,0.0,10.6,0.0,92
2024-12-13 21:00:00+00:00,-0.8,2,0.0,0.0,0.0,10.5,0.0,92
2024-12-13 22:00:00+00:00,-1.3,0,0.0,0.0,0.0,9.9,0.0,93
2024-12-13 23:00:00+00:00,-1.7,1,0.0,0.0,0.0,9.6,0.0,93
2024-12-14 00:00:00+00:00,-2.0,5,0.0,0.0,0.0,9.7,0.0,93
2024-12-14 01:00:00+00:00,-1.7,23,0.0,0.0,0.0,9.5,0.0,93
2024-12-14 02:00:00+00:00,-2.0,0,0.0,0.0,0.0,8.8,0.0,94
2024-12-14 03:00:00+00:00,-2.3,2,0.0,0.0,0.0,8.0,0.0,95
2024-12-14 04:00:00+00:00,-2.5,27,0.0,0.0,0.0,9.1,0.0,95
2024-12-14 05:00:00+00:00,-2.3,95,0.0,0.0,0.0,11.8,0.0,94
2024-12-14 06:00:00+00:00,-2.0,100,0.0,0.0,0.0,12.2,0.0,94
2024-12-14 07:00:00+00:00,-1.6,88,0.0,0.0,0.0,12.6,0.0,93
2024-12-14 08:00:00+00:00,-1.2,51,9.0,18.0,388.44,13.4,0.0,92
2024-12-14 09:00:00+00:00,-0.1,100,60.0,46.0,3600.0,13.2,0.0,86
2024-12-14 10:00:00+00:00,0.6,100,41.0,87.0,3600.0,18.6,0.0,82
2024-12-14 11:00:00+00:00,0.7,100,6.0,85.0,0.0,18.7,0.0,80
2024-12-14 12:00:00+00:00,0.7,100,4.0,70.0,0.0,18.1,0.0,80
2024-12-14 13:00:00+00:00,0.3,100,0.0,40.0,0.0,16.8,0.0,81
2024-12-14 14:00:00+00:00,0.1,100,0.0,14.0,0.0,16.2,0.0,83
2024-12-14 15:00:00+00:00,-0.1,100,0.0,1.0,0.0,15.3,0.0,84
2024-12-14 16:00:00+00:00,0.0,100,0.0,0.0,0.0,15.6,0.0,85
2024-12-14 17:00:00+00:00,0.2,100,0.0,0.0,0.0,16.9,0.0,85
2024-12-14 18:00:00+00:00,0.3,100,0.0,0.0,0.0,17.0,0.0,84
2024-12-14 19:00:00+00:00,0.4,100,0.0,0.0,0.0,16.6,0.0,84
2024-12-14 20:00:00+00:00,0.7,100,0.0,0.0,0.0,16.8,0.0,85
2024-12-14 21:00:00+00:00,1.0,100,0.0,0.0,0.0,18.2,0.1,87
2024-12-14 22:00:00+00:00,1.1,100,0.0,0.0,0.0,19.0,0.2,90
2024-12-14 23:00:00+00:00,1.2,100,0.0,0.0,0.0,19.4,0.2,93
2024-12-15 00:00:00+00:00,1.6,100,0.0,0.0,0.0,19.3,0.0,94
2024-12-15 01:00:00+00:00,1.8,100,0.0,0.0,0.0,19.4,0.0,95
2024-12-15 02:00:00+00:00,2.1,100,0.0,0.0,0.0,19.8,0.0,95
2024-12-15 03:00:00+00:00,2.4,100,0.0,0.0,0.0,21.3,0.0,94
2024-12-15 04:00:00+00:00,2.8,100,0.0,0.0,0.0,22.7,0.1,94
2024-12-15 05:00:00+00:00,3.2,100,0.0,0.0,0.0,23.2,0.0,92
2024-12-15 06:00:00+00:00,3.4,100,0.0,0.0,0.0,22.3,0.0,92
2024-12-15 07:00:00+00:00,3.5,100,0.0,0.0,0.0,22.2,0.1,94
2024-12-15 08:00:00+00:00,3.4,100,0.0,12.0,0.0,21.3,0.2,92
2024-12-15 09:00:00+00:00,3.8,100,5.0,46.0,0.0,20.2,0.1,89
2024-12-15 10:00:00+00:00,4.1,100,1.0,49.0,0.0,20.9,0.0,88
2024-12-15 11:00:00+00:00,4.4,70,39.0,86.0,3004.01,22.8,0.1,85
2024-12-15 12:00:00+00:00,4.7,79,73.0,77.0,3600.0,23.0,0.1,84
2024-12-15 13:00:00+00:00,4.7,69,66.0,51.0,3600.0,19.5,0.1,87
2024-12-15 14:00:00+00:00,4.4,75,19.0,34.0,2768.94,19.3,0.0,88
2024-12-15 15:00:00+00:00,4.1,84,1.0,5.0,0.0,18.4,0.0,90
2024-12-15 16:00:00+00:00,4.1,100,0.0,0.0,0.0,16.3,0.0,93
2024-12-15 17:00:00+00:00,4.7,100,0.0,0.0,0.0,19.0,0.1,91
2024-12-15 18:00:00+00:00,4.8,100,0.0,0.0,0.0,20.0,0.1,91
2024-12-15 19:00:00+00:00,4.7,100,0.0,0.0,0.0,22.6,0.2,92
2024-12-15 20:00:00+00:00,4.7,100,0.0,0.0,0.0,24.1,0.2,93
2024-12-15 21:00:00+00:00,5.0,100,0.0,0.0,0.0,25.4,0.4,95
2024-12-15 22:00:00+00:00,5.8,100,0.0,0.0,0.0,24.9,0.1,96
2024-12-15 23:00:00+00:00,6.7,100,0.0,0.0,0.0,26.4,0.1,96
2024-12-16 00:00:00+00:00,7.2,100,0.0,0.0,0.0,26.0,0.0,96
2024-12-16 01:00:00+00:00,7.1,100,0.0,0.0,0.0,27.7,0.0,97
2024-12-16 02:00:00+00:00,7.6,100,0.0,0.0,0.0,28.7,0.2,95
2024-12-16 03:00:00+00:00,7.8,100,0.0,0.0,0.0,30.3,0.2,95
2024-12-16 04:00:00+00:00,8.1,100,0.0,0.0,0.0,30.8,0.2,95
2024-12-16 05:00:00+00:00,8.6,100,0.0,0.0,0.0,30.8,0.1,94
2024-12-16 06:00:00+00:00,9.2,100,0.0,0.0,0.0,31.9,0.1,92
2024-12-16 07:00:00+00:00,9.8,100,0.0,0.0,0.0,32.0,0.0,88
2024-12-16 08:00:00+00:00,10.1,100,0.0,7.0,0.0,31.7,0.1,86
2024-12-16 09:00:00+00:00,10.1,100,0.0,15.0,0.0,31.4,0.3,88
2024-12-16 10:00:00+00:00,10.2,100,1.0,32.0,0.0,29.2,0.2,89
2024-12-16 11:00:00+00:00,10.2,100,0.0,31.0,0.0,27.7,0.1,89
2024-12-16 12:00:00+00:00,10.2,100,0.0,28.0,0.0,27.2,0.1,89
2024-12-16 13:00:00+00:00,10.4,100,0.0,15.0,0.0,27.6,0.1,89
2024-12-16 14:00:00+00:00,10.2,100,0.0,10.0,0.0,25.7,0.1,89
2024-12-16 15:00:00+00:00,10.0,100,0.0,2.0,0.0,23.1,0.1,89
2024-12-16 16:00:00+00:00,9.8,100,0.0,0.0,0.0,24.9,0.1,89
2024-12-16 17:00:00+00:00,9.5,100,0.0,0.0,0.0,26.3,0.2,90
2024-12-16 18:00:00+00:00,9.1,100,0.0,0.0,0.0,26.5,0.3,91
2024-12-16 19:00:00+00:00,8.6,100,0.0,0.0,0.0,23.2,0.5,95
2024-12-16 20:00:00+00:00,8.4,100,0.0,0.0,0.0,23.9,0.1,92
2024-12-16 21:00:00+00:00,8.4,100,0.0,0.0,0.0,22.4,0.0,88
2024-12-16 22:00:00+00:00,8.5,100,0.0,0.0,0.0,23.3,0.0,84
2024-12-16 23:00:00+00:00,8.6,100,0.0,0.0,0.0,26.4,0.0,80
2024-12-17 00:00:00+00:00,8.5,100,0.0,0.0,0.0,23.5,0.0,81
2024-12-17 01:00:00+00:00,8.6,100,0.0,0.0,0.0,23.4,0.0,84
2024-12-17 02:00:00+00:00,8.6,100,0.0,0.0,0.0,20.9,0.0,84
2024-12-17 03:00:00+00:00,8.3,100,0.0,0.0,0.0,23.2,0.0,84
2024-12-17 04:00:00+00:00,8.5,100,0.0,0.0,0.0,22.0,0.0,83
2024-12-17 05:00:00+00:00,8.6,100,0.0,0.0,0.0,21.6,0.0,84
2024-12-17 06:00:00+00:00,8.4,100,0.0,0.0,0.0,17.9,0.0,86
2024-12-17 07:00:00+00:00,8.6,100,0.0,0.0,0.0,21.4,0.0,85
2024-12-17 08:00:00+00:00,8.6,100,0.0,7.0,0.0,21.1,0.0,86
2024-12-17 09:00:00+00:00,8.8,100,0.0,18.0,0.0,20.4,0.0,85
2024-12-17 10:00:00+00:00,8.9,100,0.0,24.0,0.0,20.7,0.0,84
2024-12-17 11:00:00+00:00,9.1,100,0.0,52.0,0.0,22.7,0.0,83
2024-12-17 12:00:00+00:00,9.3,100,6.0,74.0,0.0,24.9,0.0,81
2024-12-17 13:00:00+00:00,9.6,100,16.0,66.0,720.42,25.0,0.0,80
2024-12-17 14:00:00+00:00,9.2,100,0.0,32.0,0.0,20.9,0.0,81
2024-12-17 15:00:00+00:00,8.9,100,0.0,4.0,0.0,20.3,0.0,83
2024-12-17 16:00:00+00:00,8.9,100,0.0,0.0,0.0,19.6,0.0,83
2024-12-17 17:00:00+00:00,8.8,100,0.0,0.0,0.0,18.6,0.0,82
2024-12-17 18:00:00+00:00,8.5,100,0.0,0.0,0.0,19.8,0.0,82
2024-12-17 19:00:00+00:00,8.4,100,0.0,0.0,0.0,20.9,0.0,82
2024-12-17 20:00:00+00:00,8.1,100,0.0,0.0,0.0,20.5,0.0,83
2024-12-17 21:00:00+00:00,7.9,100,0.0,0.0,0.0,17.5,0.0,83
2024-12-17 22:00:00+00:00,7.8,100,0.0,0.0,0.0,15.2,0.0,83
2024-12-17 23:00:00+00:00,7.6,100,0.0,0.0,0.0,14.4,0.0,84
2024-12-18 00:00:00+00:00,7.3,100,0.0,0.0,0.0,14.6,0.0,83
2024-12-18 01:00:00+00:00,7.9,100,0.0,0.0,0.0,13.3,0.0,84
2024-12-18 02:00:00+00:00,7.8,100,0.0,0.0,0.0,12.1,0.0,84
2024-12-18 03:00:00+00:00,7.6,100,0.0,0.0,0.0,11.0,0.0,84
2024-12-18 04:00:00+00:00,7.3,100,0.0,0.0,0.0,9.4,0.0,84
2024-12-18 05:00:00+00:00,6.7,100,0.0,0.0,0.0,9.8,0.0,89
2024-12-18 06:00:00+00:00,6.4,58,0.0,0.0,0.0,10.7,0.0,90
2024-12-18 07:00:00+00:00,5.4,100,0.0,0.0,0.0,11.5,0.0,92
2024-12-18 08:00:00+00:00,6.1,100,2.0,13.0,0.0,13.9,0.0,87
2024-12-18 09:00:00+00:00,6.7,99,10.0,40.0,289.18,15.1,0.0,81
2024-12-18 10:00:00+00:00,7.1,100,0.0,55.0,0.0,14.7,0.0,79
2024-12-18 11:00:00+00:00,7.6,100,116.0,72.0,3600.0,13.9,0.0,79
2024-12-18 12:00:00+00:00,7.9,100,15.0,92.0,117.11,15.3,0.0,77
2024-12-18 13:00:00+00:00,9.0,64,3.0,63.0,0.0,18.1,0.0,71
2024-12-18 14:00:00+00:00,8.2,83,18.0,37.0,2556.8,17.7,0.2,74
2024-12-18 15:00:00+00:00,7.8,88,3.0,5.0,0.0,16.7,0.0,74
2024-12-18 16:00:00+00:00,8.1,100,0.0,0.0,0.0,16.8,0.0,71
2024-12-18 17:00:00+00:00,8.9,100,0.0,0.0,0.0,18.8,0.0,69
2024-12-18 18:00:00+00:00,9.6,100,0.0,0.0,0.0,19.2,0.0,68
2024-12-18 19:00:00+00:00,10.2,100,0.0,0.0,0.0,20.4,0.0,68
2024-12-18 20:00:00+00:00,10.4,100,0.0,0.0,0.0,21.0,0.0,68
2024-12-18 21:00:00+00:00,10.4,100,0.0,0.0,0.0,21.1,0.0,66
2024-12-18 22:00:00+00:00,10.2,100,0.0,0.0,0.0,21.3,0.0,66
2024-12-18 23:00:00+00:00,10.2,100,0.0,0.0,0.0,21.0,0.0,68
2024-12-19 00:00:00+00:00,10.1,100,0.0,0.0,0.0,20.4,0.0,71
2024-12-19 01:00:00+00:00,10.7,100,0.0,0.0,0.0,19.0,0.0,73
2024-12-19 02:00:00+00:00,10.6,100,0.0,0.0,0.0,18.6,0.0,74
2024-12-19 03:00:00+00:00,10.4,100,0.0,0.0,0.0,19.3,0.0,75
2024-12-19 04:00:00+00:00,9.9,100,0.0,0.0,0.0,17.6,0.0,76
2024-12-19 05:00:00+00:00,10.0,100,0.0,0.0,0.0,17.5,0.0,74
2024-12-19 06:00:00+00:00,8.6,100,0.0,0.0,0.0,17.6,0.0,78
2024-12-19 07:00:00+00:00,8.2,100,0.0,0.0,0.0,17.3,0.0,80
2024-12-19 08:00:00+00:00,8.4,100,1.0,17.0,0.0,18.3,0.0,79
2024-12-19 09:00:00+00:00,9.2,100,8.0,60.0,0.0,19.1,0.0,76
2024-12-19 10:00:00+00:00,10.3,100,46.0,88.0,3600.0,19.7,0.0,73
2024-12-19 11:00:00+00:00,11.6,100,26.0,106.0,1434.7,22.4,0.0,70
2024-12-19 12:00:00+00:00,11.6,100,6.0,55.0,0.0,21.9,0.1,74
2024-12-19 13:00:00+00:00,10.7,100,0.0,28.0,0.0,22.1,0.4,85
2024-12-19 14:00:00+00:00,10.8,100,0.0,26.0,0.0,23.1,0.0,83
2024-12-19 15:00:00+00:00,10.2,100,0.0,6.0,0.0,21.1,0.0,82
2024-12-19 16:00:00+00:00,9.9,100,0.0,0.0,0.0,19.5,0.0,81
2024-12-19 17:00:00+00:00,9.4,57,0.0,0.0,0.0,18.5,0.0,82
2024-12-19 18:00:00+00:00,9.3,37,0.0,0.0,0.0,19.2,0.0,81
2024-12-19 19:00:00+00:00,9.2,100,0.0,0.0,0.0,18.1,0.0,81
2024-12-19 20:00:00+00:00,9.4,100,0.0,0.0,0.0,18.6,0.0,82
2024-12-19 21:00:00+00:00,9.9,100,0.0,0.0,0.0,18.7,0.0,82
2024-12-19 22:00:00+00:00,9.3,100,0.0,0.0,0.0,20.7,0.1,88
2024-12-19 23:00:00+00:00,7.1,100,0.0,0.0,0.0,22.6,0.1,86
2024-12-20 00:00:00+00:00,6.3,100,0.0,0.0,0.0,18.7,0.0,84
2024-12-20 01:00:00+00:00,5.4,100,0.0,0.0,0.0,17.7,0.0,86
2024-12-20 02:00:00+00:00,5.2,100,0.0,0.0,0.0,19.6,0.0,85
2024-12-20 03:00:00+00:00,5.3,100,0.0,0.0,0.0,20.8,0.0,80
2024-12-20 04:00:00+00:00,5.3,100,0.0,0.0,0.0,19.1,0.0,79
2024-12-20 05:00:00+00:00,5.2,100,0.0,0.0,0.0,18.4,0.0,79
2024-12-20 06:00:00+00:00,5.3,100,0.0,0.0,0.0,18.9,0.0,79
2024-12-20 07:00:00+00:00,5.2,100,0.0,0.0,0.0,18.0,0.0,80
2024-12-20 08:00:00+00:00,5.1,100,0.0,14.0,0.0,17.8,0.0,80
2024-12-20 09:00:00+00:00,5.4,25,7.0,55.0,0.0,19.2,0.0,77
2024-12-20 10:00:00+00:00,5.7,22,94.0,58.0,3600.0,24.0,0.0,73
2024-12-20 11:00:00+00:00,5.8,14,135.0,60.0,3600.0,26.5,0.1,70
2024-12-20 12:00:00+00:00,6.0,45,111.0,67.0,3600.0,28.7,0.0,61
2024-12-20 13:00:00+00:00,5.7,24,86.0,50.0,3600.0,24.3,0.0,67
2024-12-20 14:00:00+00:00,5.1,36,43.0,32.0,3295.38,20.4,0.0,65
2024-12-20 15:00:00+00:00,4.5,24,3.0,5.0,0.0,19.6,0.0,70
2024-12-20 16:00:00+00:00,4.0,6,0.0,0.0,0.0,19.5,0.0,75
2024-12-20 17:00:00+00:00,3.7,27,0.0,0.0,0.0,18.8,0.0,77
2024-12-20 18:00:00+00:00,3.4,24,0.0,0.0,0.0,19.4,0.0,79
2024-12-20 19:00:00+00:00,3.2,10,0.0,0.0,0.0,18.4,0.0,81
2024-12-20 20:00:00+00:00,3.0,4,0.0,0.0,0.0,17.1,0.0,83
2024-12-20 21:00:00+00:00,2.7,18,0.0,0.0,0.0,16.4,0.0,86
2024-12-20 22:00:00+00:00,2.5,100,0.0,0.0,0.0,15.3,0.0,89
2024-12-20 23:00:00+00:00,3.2,100,0.0,0.0,0.0,14.8,0.0,86
2024-12-21 00:00:00+00:00,3.7,100,0.0,0.0,0.0,14.2,0.0,83
2024-12-21 01:00:00+00:00,4.1,100,0.0,0.0,0.0,14.7,0.0,84
2024-12-21 02:00:00+00:00,4.1,100,0.0,0.0,0.0,14.8,0.0,83
2024-12-21 03:00:00+00:00,3.5,7,0.0,0.0,0.0,14.7,0.0,82
2024-12-21 04:00:00+00:00,2.0,84,0.0,0.0,0.0,15.2,0.0,85
2024-12-21 05:00:00+00:00,1.5,68,0.0,0.0,0.0,13.9,0.0,87
2024-12-21 06:00:00+00:00,0.9,100,0.0,0.0,0.0,14.4,0.0,89
2024-12-21 07:00:00+00:00,0.9,100,0.0,0.0,0.0,15.1,0.0,86
2024-12-21 08:00:00+00:00,1.2,100,1.0,18.0,0.0,15.9,0.0,84
2024-12-21 09:00:00+00:00,2.2,100,14.0,44.0,1176.6,17.8,0.0,80
2024-12-21 10:00:00+00:00,2.8,61,10.0,87.0,0.0,14.4,0.0,79
2024-12-21 11:00:00+00:00,4.0,60,59.0,95.0,3600.0,14.4,0.0,75
2024-12-21 12:00:00+00:00,4.3,100,57.0,76.0,3600.0,15.9,0.0,74
2024-12-21 13:00:00+00:00,4.2,100,0.0,33.0,0.0,17.0,0.0,80
2024-12-21 14:00:00+00:00,4.6,100,1.0,20.0,0.0,16.8,0.0,79
2024-12-21 15:00:00+00:00,4.8,100,0.0,2.0,0.0,16.4,0.0,80
2024-12-21 16:00:00+00:00,4.9,100,0.0,0.0,0.0,16.9,0.0,80
2024-12-21 17:00:00+00:00,5.1,100,0.0,0.0,0.0,17.7,0.0,81
2024-12-21 18:00:00+00:00,4.9,100,0.0,0.0,0.0,17.9,0.0,82
2024-12-21 19:00:00+00:00,4.8,100,0.0,0.0,0.0,18.4,0.1,83
2024-12-21 20:00:00+00:00,4.9,100,0.0,0.0,0.0,19.1,0.0,80
2024-12-21 21:00:00+00:00,4.9,100,0.0,0.0,0.0,19.0,0.0,79
2024-12-21 22:00:00+00:00,4.9,75,0.0,0.0,0.0,19.0,0.0,77
2024-12-21 23:00:00+00:00,4.6,100,0.0,0.0,0.0,18.8,0.0,79
2024-12-22 00:00:00+00:00,4.9,100,0.0,0.0,0.0,19.4,0.1,80
2024-12-22 01:00:00+00:00,5.2,100,0.0,0.0,0.0,20.1,0.0,81
2024-12-22 02:00:00+00:00,5.4,100,0.0,0.0,0.0,19.8,0.0,82
2024-12-22 03:00:00+00:00,5.7,100,0.0,0.0,0.0,19.6,0.0,81
2024-12-22 04:00:00+00:00,5.7,100,0.0,0.0,0.0,20.2,0.2,84
2024-12-22 05:00:00+00:00,5.3,100,0.0,0.0,0.0,20.4,0.6,90
2024-12-22 06:00:00+00:00,5.3,100,0.0,0.0,0.0,20.3,0.4,92
2024-12-22 07:00:00+00:00,5.4,100,0.0,0.0,0.0,19.5,0.4,93
2024-12-22 08:00:00+00:00,5.9,100,0.0,11.0,0.0,19.9,0.0,92
2024-12-22 09:00:00+00:00,6.3,100,0.0,16.0,0.0,16.7,0.0,89
2024-12-22 10:00:00+00:00,6.4,100,0.0,37.0,0.0,14.7,1.2,89
2024-12-22 11:00:00+00:00,7.0,100,1.0,78.0,0.0,15.3,0.2,86
2024-12-22 12:00:00+00:00,6.5,100,0.0,35.0,0.0,13.7,0.1,87
2024-12-22 13:00:00+00:00,6.2,100,12.0,59.0,73.51,16.7,0.1,87
2024-12-22 14:00:00+00:00,5.4,100,0.0,28.0,0.0,13.4,0.1,88
2024-12-22 15:00:00+00:00,5.6,97,0.0,6.0,0.0,13.4,0.0,91
2024-12-22 16:00:00+00:00,5.2,100,0.0,0.0,0.0,14.7,0.0,93
2024-12-22 17:00:00+00:00,4.8,90,0.0,0.0,0.0,13.5,0.0,93
2024-12-22 18:00:00+00:00,4.1,78,0.0,0.0,0.0,12.3,0.0,95
2024-12-22 19:00:00+00:00,3.5,46,0.0,0.0,0.0,13.1,0.0,96
2024-12-22 20:00:00+00:00,2.8,94,0.0,0.0,0.0,11.8,0.0,97
2024-12-22 21:00:00+00:00,2.2,100,0.0,0.0,0.0,11.4,0.0,97
2024-12-22 22:00:00+00:00,2.1,100,0.0,0.0,0.0,10.5,0.0,97
2024-12-22 23:00:00+00:00,2.0,97,0.0,0.0,0.0,9.7,0.1,97
2024-12-23 00:00:00+00:00,1.7,100,0.0,0.0,0.0,10.2,0.0,98
2024-12-23 01:00:00+00:00,3.4,99,0.0,0.0,0.0,13.1,0.1,95
2024-12-23 02:00:00+00:00,3.2,100,0.0,0.0,0.0,9.2,0.0,94
2024-12-23 03:00:00+00:00,2.6,100,0.0,0.0,0.0,10.4,0.1,95
2024-12-23 04:00:00+00:00,2.8,100,0.0,0.0,0.0,13.1,0.0,94
2024-12-23 05:00:00+00:00,2.5,100,0.0,0.0,0.0,12.0,0.0,94
2024-12-23 06:00:00+00:00,2.5,100,0.0,0.0,0.0,12.4,0.0,94
2024-12-23 07:00:00+00:00,2.6,100,0.0,0.0,0.0,12.0,0.0,93
2024-12-23 08:00:00+00:00,2.4,94,2.0,13.0,0.0,11.4,0.0,93
2024-12-23 09:00:00+00:00,2.8,100,15.0,49.0,1414.06,13.6,0.0,89
2024-12-23 10:00:00+00:00,3.0,100,5.0,54.0,0.0,13.4,0.0,85
2024-12-23 11:00:00+00:00,3.3,100,0.0,68.0,0.0,12.9,0.0,83
2024-12-23 12:00:00+00:00,3.6,97,9.0,81.0,0.0,12.1,0.0,81
2024-12-23 13:00:00+00:00,4.0,23,29.0,66.0,2710.05,13.1,0.0,75
2024-12-23 14:00:00+00:00,3.4,69,44.0,33.0,3395.79,11.9,0.0,79
2024-12-23 15:00:00+00:00,3.2,100,2.0,5.0,0.0,13.0,0.0,79
2024-12-23 16:00:00+00:00,3.5,100,0.0,0.0,0.0,12.9,0.0,77
2024-12-23 17:00:00+00:00,3.6,100,0.0,0.0,0.0,13.0,0.0,75
2024-12-23 18:00:00+00:00,3.7,100,0.0,0.0,0.0,13.1,0.0,76
2024-12-23 19:00:00+00:00,3.6,100,0.0,0.0,0.0,13.1,0.0,80
2024-12-23 20:00:00+00:00,3.7,100,0.0,0.0,0.0,12.8,0.0,84
2024-12-23 21:00:00+00:00,3.8,100,0.0,0.0,0.0,11.6,0.0,86
2024-12-23 22:00:00+00:00,3.7,100,0.0,0.0,0.0,10.1,0.0,89
2024-12-23 23:00:00+00:00,3.7,100,0.0,0.0,0.0,9.1,0.0,91
2024-12-24 00:00:00+00:00,3.8,100,0.0,0.0,0.0,8.1,0.0,91
2024-12-24 01:00:00+00:00,3.7,100,0.0,0.0,0.0,7.5,0.0,95
2024-12-24 02:00:00+00:00,3.9,100,0.0,0.0,0.0,7.7,0.0,94
2024-12-24 03:00:00+00:00,3.8,100,0.0,0.0,0.0,6.4,0.0,94
2024-12-24 04:00:00+00:00,3.6,100,0.0,0.0,0.0,6.0,0.0,95
2024-12-24 05:00:00+00:00,3.7,100,0.0,0.0,0.0,4.5,0.0,95
2024-12-24 06:00:00+00:00,3.7,100,0.0,0.0,0.0,3.7,0.0,96
2024-12-24 07:00:00+00:00,3.7,100,0.0,0.0,0.0,3.2,0.1,96
2024-12-24 08:00:00+00:00,3.8,100,0.0,4.0,0.0,3.2,0.1,96
2024-12-24 09:00:00+00:00,4.2,100,0.0,20.0,0.0,3.2,0.0,95
2024-12-24 10:00:00+00:00,4.5,100,4.0,39.0,0.0,3.8,0.0,94
2024-12-24 11:00:00+00:00,5.0,100,6.0,69.0,0.0,4.2,0.0,91
2024-12-24 12:00:00+00:00,5.2,100,10.0,64.0,0.0,3.3,0.0,89
2024-12-24 13:00:00+00:00,5.1,100,1.0,39.0,0.0,5.4,0.0,85
2024-12-24 14:00:00+00:00,5.1,74,7.0,27.0,0.0,4.9,0.0,84
2024-12-24 15:00:00+00:00,4.2,99,1.0,6.0,0.0,7.2,0.0,88
2024-12-24 16:00:00+00:00,3.9,100,0.0,0.0,0.0,6.9,0.0,92
2024-12-24 17:00:00+00:00,3.7,100,0.0,0.0,0.0,7.2,0.0,95
2024-12-24 18:00:00+00:00,3.7,100,0.0,0.0,0.0,7.9,0.0,96
2024-12-24 19:00:00+00:00,3.8,100,0.0,0.0,0.0,7.8,0.1,96
2024-12-24 20:00:00+00:00,3.7,100,0.0,0.0,0.0,7.9,0.2,96
2024-12-24 21:00:00+00:00,3.5,100,0.0,0.0,0.0,5.6,0.1,97
2024-12-24 22:00:00+00:00,3.5,100,0.0,0.0,0.0,5.6,0.0,97
2024-12-24 23:00:00+00:00,3.4,100,0.0,0.0,0.0,5.6,0.0,97
2024-12-25 00:00:00+00:00,3.2,100,0.0,0.0,0.0,6.0,0.0,96
2024-12-25 01:00:00+00:00,3.3,100,0.0,0.0,0.0,6.1,0.0,92
2024-12-25 02:00:00+00:00,2.8,94,0.0,0.0,0.0,6.6,0.0,94
2024-12-25 03:00:00+00:00,2.2,61,0.0,0.0,0.0,5.3,0.0,95
2024-12-25 04:00:00+00:00,1.6,95,0.0,0.0,0.0,6.1,0.0,96
2024-12-25 05:00:00+00:00,2.0,81,0.0,0.0,0.0,6.7,0.0,98
2024-12-25 06:00:00+00:00,2.0,100,0.0,0.0,0.0,7.2,0.0,98
2024-12-25 07:00:00+00:00,1.2,96,0.0,0.0,0.0,8.0,0.0,98
2024-12-25 08:00:00+00:00,1.2,98,6.0,15.0,74.1,8.7,0.0,98
2024-12-25 09:00:00+00:00,2.2,91,39.0,51.0,3600.0,8.8,0.0,96
2024-12-25 10:00:00+00:00,3.2,1,103.0,60.0,3600.0,7.9,0.0,92
2024-12-25 11:00:00+00:00,3.8,17,148.0,55.0,3600.0,7.8,0.0,91
2024-12-25 12:00:00+00:00,4.4,5,146.0,53.0,3600.0,8.1,0.0,85
2024-12-25 13:00:00+00:00,4.6,0,108.0,46.0,3600.0,9.0,0.0,85
2024-12-25 14:00:00+00:00,4.0,5,49.0,32.0,3484.72,7.9,0.0,88
2024-12-25 15:00:00+00:00,3.0,0,5.0,6.0,9.85,8.0,0.0,90
2024-12-25 16:00:00+00:00,2.5,10,0.0,0.0,0.0,8.7,0.0,91
2024-12-25 17:00:00+00:00,1.9,44,0.0,0.0,0.0,10.4,0.0,92
2024-12-25 18:00:00+00:00,2.0,71,0.0,0.0,0.0,10.7,0.0,90
2024-12-25 19:00:00+00:00,1.9,38,0.0,0.0,0.0,9.7,0.0,89
2024-12-25 20:00:00+00:00,1.4,3,0.0,0.0,0.0,9.5,0.0,90
2024-12-25 21:00:00+00:00,1.0,46,0.0,0.0,0.0,9.3,0.0,91
2024-12-25 22:00:00+00:00,1.0,96,0.0,0.0,0.0,9.0,0.0,91
2024-12-25 23:00:00+00:00,1.0,84,0.0,0.0,0.0,8.7,0.0,90
2024-12-26 00:00:00+00:00,1.2,75,0.0,0.0,0.0,8.2,0.0,90
2024-12-26 01:00:00+00:00,0.9,100,0.0,0.0,0.0,8.0,0.0,91
2024-12-26 02:00:00+00:00,1.0,100,0.0,0.0,0.0,7.7,0.0,90
2024-12-26 03:00:00+00:00,1.2,95,0.0,0.0,0.0,7.5,0.0,89
2024-12-26 04:00:00+00:00,1.4,100,0.0,0.0,0.0,6.6,0.0,90
2024-12-26 05:00:00+00:00,1.4,100,0.0,0.0,0.0,6.3,0.0,90
2024-12-26 06:00:00+00:00,1.5,100,0.0,0.0,0.0,7.0,0.0,90
2024-12-26 07:00:00+00:00,1.7,100,0.0,0.0,0.0,6.6,0.0,88
2024-12-26 08:00:00+00:00,2.0,100,2.0,8.0,0.0,5.4,0.0,88
2024-12-26 09:00:00+00:00,2.5,100,4.0,37.0,0.0,5.4,0.0,86
2024-12-26 10:00:00+00:00,3.2,96,22.0,58.0,1367.03,4.9,0.0,84
2024-12-26 11:00:00+00:00,3.8,84,30.0,73.0,1919.22,5.0,0.0,82
2024-12-26 12:00:00+00:00,4.2,96,26.0,64.0,1481.02,4.3,0.0,82
2024-12-26 13:00:00+00:00,3.8,100,2.0,49.0,0.0,5.6,0.0,91
2024-12-26 14:00:00+00:00,3.9,100,1.0,27.0,0.0,5.9,0.0,91
2024-12-26 15:00:00+00:00,3.8,100,0.0,4.0,0.0,6.2,0.0,92
2024-12-26 16:00:00+00:00,3.6,100,0.0,0.0,0.0,5.3,0.0,93
2024-12-26 17:00:00+00:00,3.5,94,0.0,0.0,0.0,5.4,0.0,92
2024-12-26 18:00:00+00:00,3.3,87,0.0,0.0,0.0,5.1,0.0,93
2024-12-26 19:00:00+00:00,3.3,100,0.0,0.0,0.0,5.0,0.0,93
2024-12-26 20:00:00+00:00,3.2,100,0.0,0.0,0.0,5.4,0.0,93
2024-12-26 21:00:00+00:00,3.2,100,0.0,0.0,0.0,5.1,0.0,93
2024-12-26 22:00:00+00:00,3.3,100,0.0,0.0,0.0,4.8,0.0,93
2024-12-26 23:00:00+00:00,3.3,100,0.0,0.0,0.0,4.8,0.0,93
2024-12-27 00:00:00+00:00,3.3,100,0.0,0.0,0.0,4.2,0.0,93
2024-12-27 01:00:00+00:00,1.8,100,0.0,0.0,0.0,4.8,0.0,99
2024-12-27 02:00:00+00:00,1.6,100,0.0,0.0,0.0,5.2,0.0,99
2024-12-27 03:00:00+00:00,1.9,100,0.0,0.0,0.0,4.0,0.0,98
2024-12-27 04:00:00+00:00,2.2,100,0.0,0.0,0.0,3.3,0.0,96
2024-12-27 05:00:00+00:00,2.5,100,0.0,0.0,0.0,2.5,0.1,96
2024-12-27 06:00:00+00:00,2.4,100,0.0,0.0,0.0,3.5,0.0,97
2024-12-27 07:00:00+00:00,2.4,100,0.0,0.0,0.0,3.3,0.0,97
2024-12-27 08:00:00+00:00,2.5,100,0.0,7.0,0.0,3.5,0.0,97
2024-12-27 09:00:00+00:00,3.0,100,1.0,26.0,0.0,2.0,0.0,95
2024-12-27 10:00:00+00:00,3.5,100,0.0,55.0,0.0,1.5,0.0,93
2024-12-27 11:00:00+00:00,4.2,100,3.0,67.0,0.0,2.7,0.0,92
2024-12-27 12:00:00+00:00,4.7,98,10.0,79.0,0.0,2.7,0.0,90
2024-12-27 13:00:00+00:00,3.3,100,8.0,60.0,0.0,2.0,0.0,92
2024-12-27 14:00:00+00:00,3.3,100,1.0,29.0,0.0,1.7,0.0,92
2024-12-27 15:00:00+00:00,3.2,100,0.0,5.0,0.0,1.6,0.0,94
2024-12-27 16:00:00+00:00,2.9,100,0.0,0.0,0.0,1.0,0.0,96
2024-12-27 17:00:00+00:00,3.0,100,0.0,0.0,0.0,2.8,0.0,96
2024-12-27 18:00:00+00:00,2.9,100,0.0,0.0,0.0,4.0,0.0,97
2024-12-27 19:00:00+00:00,3.0,100,0.0,0.0,0.0,3.3,0.0,96
2024-12-27 20:00:00+00:00,3.0,100,0.0,0.0,0.0,4.0,0.0,96
2024-12-27 21:00:00+00:00,3.0,100,0.0,0.0,0.0,4.0,0.0,96
2024-12-27 22:00:00+00:00,2.8,100,0.0,0.0,0.0,3.8,0.0,97
2024-12-27 23:00:00+00:00,2.8,100,0.0,0.0,0.0,3.4,0.0,97
2024-12-28 00:00:00+00:00,2.7,100,0.0,0.0,0.0,3.3,0.0,96
2024-12-28 01:00:00+00:00,1.8,100,0.0,0.0,0.0,3.3,0.0,96
2024-12-28 02:00:00+00:00,2.0,100,0.0,0.0,0.0,2.4,0.0,95
2024-12-28 03:00:00+00:00,2.1,100,0.0,0.0,0.0,3.1,0.0,95
2024-12-28 04:00:00+00:00,2.2,100,0.0,0.0,0.0,3.2,0.0,95
2024-12-28 05:00:00+00:00,2.3,100,0.0,0.0,0.0,3.1,0.0,95
2024-12-28 06:00:00+00:00,2.5,100,0.0,0.0,0.0,2.9,0.0,95
2024-12-28 07:00:00+00:00,2.7,100,0.0,0.0,0.0,3.4,0.0,94
2024-12-28 08:00:00+00:00,2.9,100,0.0,6.0,0.0,3.2,0.0,94
2024-12-28 09:00:00+00:00,3.5,100,0.0,34.0,0.0,3.3,0.0,90
2024-12-28 10:00:00+00:00,4.0,100,5.0,53.0,0.0,3.0,0.0,88
2024-12-28 11:00:00+00:00,4.2,100,2.0,54.0,0.0,3.5,0.0,87
2024-12-28 12:00:00+00:00,4.7,100,5.0,55.0,0.0,3.7,0.0,85
2024-12-28 13:00:00+00:00,3.3,100,7.0,40.0,0.0,4.5,0.0,91
2024-12-28 14:00:00+00:00,3.3,100,0.0,22.0,0.0,4.3,0.0,91
2024-12-28 15:00:00+00:00,3.2,100,0.0,4.0,0.0,4.2,0.0,92
2024-12-28 16:00:00+00:00,3.5,100,0.0,0.0,0.0,4.0,0.0,91
2024-12-28 17:00:00+00:00,3.5,100,0.0,0.0,0.0,4.1,0.0,92
2024-12-28 18:00:00+00:00,3.5,100,0.0,0.0,0.0,5.4,0.0,93
2024-12-28 19:00:00+00:00,3.5,100,0.0,0.0,0.0,5.5,0.0,93
2024-12-28 20:00:00+00:00,3.2,99,0.0,0.0,0.0,5.2,0.0,93
2024-12-28 21:00:00+00:00,2.9,100,0.0,0.0,0.0,5.2,0.0,92
2024-12-28 22:00:00+00:00,2.8,99,0.0,0.0,0.0,6.1,0.0,89
2024-12-28 23:00:00+00:00,2.9,83,0.0,0.0,0.0,6.5,0.0,83
2024-12-29 00:00:00+00:00,2.2,51,0.0,0.0,0.0,7.8,0.0,81
2024-12-29 01:00:00+00:00,-0.4,23,0.0,0.0,0.0,9.2,0.0,84
2024-12-29 02:00:00+00:00,-0.9,5,0.0,0.0,0.0,8.8,0.0,83
2024-12-29 03:00:00+00:00,-1.4,11,0.0,0.0,0.0,9.4,0.0,84
2024-12-29 04:00:00+00:00,-1.7,90,0.0,0.0,0.0,9.6,0.0,83
2024-12-29 05:00:00+00:00,-2.0,97,0.0,0.0,0.0,9.6,0.0,83
2024-12-29 06:00:00+00:00,-1.8,82,0.0,0.0,0.0,9.8,0.0,81
2024-12-29 07:00:00+00:00,-1.8,35,0.0,0.0,0.0,10.1,0.0,80
2024-12-29 08:00:00+00:00,-1.4,26,10.0,13.0,365.01,10.4,0.0,79
2024-12-29 09:00:00+00:00,-0.2,86,65.0,38.0,3600.0,9.1,0.0,77
2024-12-29 10:00:00+00:00,0.8,67,108.0,60.0,3600.0,9.0,0.0,74
2024-12-29 11:00:00+00:00,1.7,100,159.0,54.0,3600.0,9.1,0.0,72
2024-12-29 12:00:00+00:00,2.3,55,159.0,52.0,3600.0,9.7,0.0,70
2024-12-29 13:00:00+00:00,2.5,92,116.0,48.0,3600.0,10.8,0.0,73
2024-12-29 14:00:00+00:00,1.8,97,46.0,40.0,3600.0,11.2,0.0,79
2024-12-29 15:00:00+00:00,0.2,92,4.0,10.0,0.0,11.9,0.0,88
2024-12-29 16:00:00+00:00,-0.2,94,0.0,0.0,0.0,13.5,0.0,91
2024-12-29 17:00:00+00:00,-0.3,100,0.0,0.0,0.0,12.0,0.0,92
2024-12-29 18:00:00+00:00,-0.4,100,0.0,0.0,0.0,11.7,0.0,92
2024-12-29 19:00:00+00:00,-0.5,100,0.0,0.0,0.0,11.5,0.0,94
2024-12-29 20:00:00+00:00,-0.4,100,0.0,0.0,0.0,12.6,0.0,95
2024-12-29 21:00:00+00:00,-0.2,100,0.0,0.0,0.0,13.3,0.0,96
2024-12-29 22:00:00+00:00,0.1,100,0.0,0.0,0.0,13.6,0.0,96
2024-12-29 23:00:00+00:00,0.3,100,0.0,0.0,0.0,14.2,0.0,97
2024-12-30 00:00:00+00:00,0.6,100,0.0,0.0,0.0,15.2,0.0,97
2024-12-30 01:00:00+00:00,0.8,100,0.0,0.0,0.0,15.8,0.0,96
2024-12-30 02:00:00+00:00,1.1,100,0.0,0.0,0.0,16.2,0.0,96
2024-12-30 03:00:00+00:00,1.2,100,0.0,0.0,0.0,16.6,0.0,95
2024-12-30 04:00:00+00:00,1.4,100,0.0,0.0,0.0,16.9,0.0,94
2024-12-30 05:00:00+00:00,1.4,100,0.0,0.0,0.0,16.6,0.0,94
2024-12-30 06:00:00+00:00,1.4,100,0.0,0.0,0.0,17.1,0.0,94
2024-12-30 07:00:00+00:00,1.5,100,0.0,0.0,0.0,17.4,0.0,93
2024-12-30 08:00:00+00:00,1.5,100,0.0,6.0,0.0,17.6,0.0,92
2024-12-30 09:00:00+00:00,1.8,100,2.0,27.0,0.0,18.9,0.0,90
2024-12-30 10:00:00+00:00,2.0,100,10.0,54.0,0.0,17.8,0.0,88
2024-12-30 11:00:00+00:00,2.0,100,1.0,51.0,0.0,18.8,0.0,88
2024-12-30 12:00:00+00:00,2.2,100,2.0,50.0,0.0,16.6,0.0,88
2024-12-30 13:00:00+00:00,2.1,100,1.0,33.0,0.0,19.0,0.0,91
2024-12-30 14:00:00+00:00,2.0,100,0.0,20.0,0.0,18.9,0.0,91
2024-12-30 15:00:00+00:00,1.9,100,0.0,4.0,0.0,19.0,0.0,90
2024-12-30 16:00:00+00:00,1.9,100,0.0,0.0,0.0,19.2,0.0,90
2024-12-30 17:00:00+00:00,2.0,100,0.0,0.0,0.0,18.8,0.0,88
2024-12-30 18:00:00+00:00,2.0,100,0.0,0.0,0.0,18.1,0.0,88
2024-12-30 19:00:00+00:00,2.0,100,0.0,0.0,0.0,18.7,0.0,87
2024-12-30 20:00:00+00:00,2.0,55,0.0,0.0,0.0,19.2,0.0,85
2024-12-30 21:00:00+00:00,1.2,46,0.0,0.0,0.0,18.3,0.0,86
2024-12-30 22:00:00+00:00,0.6,74,0.0,0.0,0.0,18.3,0.0,87
2024-12-30 23:00:00+00:00,0.1,29,0.0,0.0,0.0,17.3,0.0,89
2024-12-31 00:00:00+00:00,-0.2,7,0.0,0.0,0.0,17.3,0.0,90
2024-12-31 01:00:00+00:00,-0.1,18,0.0,0.0,0.0,16.5,0.0,91
2024-12-31 02:00:00+00:00,-0.2,5,0.0,0.0,0.0,16.8,0.0,92
2024-12-31 03:00:00+00:00,-0.2,30,0.0,0.0,0.0,17.1,0.0,91
2024-12-31 04:00:00+00:00,0.0,70,0.0,0.0,0.0,17.8,0.0,90
2024-12-31 05:00:00+00:00,0.1,1,0.0,0.0,0.0,18.0,0.0,89
2024-12-31 06:00:00+00:00,0.1,5,0.0,0.0,0.0,17.6,0.0,89
2024-12-31 07:00:00+00:00,-0.1,99,0.0,0.0,0.0,16.7,0.0,89
2024-12-31 08:00:00+00:00,0.6,100,4.0,13.0,0.0,16.1,0.0,87
2024-12-31 09:00:00+00:00,2.1,100,0.0,41.0,0.0,15.6,0.0,85
2024-12-31 10:00:00+00:00,2.5,100,0.0,58.0,0.0,14.7,0.0,86
2024-12-31 11:00:00+00:00,2.7,90,27.0,78.0,1487.95,13.9,0.0,82
2024-12-31 12:00:00+00:00,3.1,19,51.0,84.0,3600.0,11.1,0.0,80
2024-12-31 13:00:00+00:00,3.2,0,120.0,47.0,3600.0,10.8,0.0,86
2024-12-31 14:00:00+00:00,2.2,0,61.0,34.0,3600.0,12.2,0.0,84
2024-12-31 15:00:00+00:00,1.2,0,8.0,8.0,92.22,11.8,0.0,87
2024-12-31 16:00:00+00:00,0.9,0,0.0,0.0,0.0,13.0,0.0,86
2024-12-31 17:00:00+00:00,0.8,0,0.0,0.0,0.0,14.4,0.0,83
2024-12-31 18:00:00+00:00,0.6,51,0.0,0.0,0.0,15.1,0.0,82
2024-12-31 19:00:00+00:00,0.4,91,0.0,0.0,0.0,16.0,0.0,82
2024-12-31 20:00:00+00:00,0.6,34,0.0,0.0,0.0,17.3,0.0,82
2024-12-31 21:00:00+00:00,0.8,68,0.0,0.0,0.0,18.3,0.0,82
2024-12-31 22:00:00+00:00,0.7,31,0.0,0.0,0.0,17.2,0.0,83
2024-12-31 23:00:00+00:00,0.6,37,0.0,0.0,0.0,17.3,0.0,83
